Skill_Id,Skillset,Mapping_ID_Emp_Id
1,Skills not available,1
2,c,2
3,c++,2
4,java,2
5,matlab,2
6,microsoft office,2
7,core java,2
8,linux,2
9,microsoft excel,2
10,team management,2
11,gnu debugger,2
12,compensation & benefits,3
13,human resources (hr),3
14,payroll administration,3
15,hr transformation,3
16,talent management,3
17,hr strategy,3
18,telecommunications,4
19,pre-sales,4
20,voip,4
21,solution architecture,4
22,sip,4
23,unified communications,4
24,ip,4
25,wireless,4
26,ss7,4
27,network design,4
28,managed services,4
29,product management,4
30,voice over ip (voip),4
31,professional services,4
32,gsm,4
33,ngn,4
34,isdn,4
35,sip trunking,4
36,management,5
37,staffing services,5
38,onboarding,5
39,background checks,5
40,software project management,6
41,requirements analysis,6
42,testing,6
43,software development,6
44,integration,6
45,internet protocol (ip),6
46,wireless technologies,6
47,unix,6
48,embedded systems,6
49,internet of things,6
50,m2m,6
51,datacom,6
52,machine to machine,6
53,talent acquisition,7
54,employee engagement,7
55,hr policies,7
56,human resources,7
57,performance management,7
58,technical recruiting,7
59,business development,7
60,strategy,7
61,hr consulting,7
62,crm,7
63,recruiting,7
64,customer relationship management (crm),7
65,account management,7
66,workforce management,7
67,strategic hr,7
68,new business development,7
69,sales,7
70,lead generation,7
71,employee relations,7
72,leadership,7
73,strategic partnerships,7
74,performance appraisal,7
75,negotiation,7
76,360 feedback,7
77,program management,8
78,project management,8
79,cloud computing,8
80,business intelligence,8
81,sdlc,9
82,it strategy,9
83,requirements gathering,9
84,global delivery,9
85,business analysis,9
86,pmp,9
87,.net,9
88,oracle,9
89,java enterprise edition,9
90,sdh,10
91,dwdm,10
92,transmission,10
93,nms,10
94,provisioning,10
95,project planning,11
96,retail,11
97,python (programming language),12
98,javascript,12
99,agile project management,13
100,distributed team management,13
101,enterprise resource planning (erp),13
102,financial services,13
103,spring framework,13
104,hibernate,13
105,jquery,13
106,bootstrap,13
107,angularjs,13
108,ethernet,14
109,computer network operations,14
110,service delivery,14
111,routing,14
112,mpls,14
113,business process,14
114,qos,14
115,project management office (pmo),14
116,open source software,14
117,leadership development,14
118,php,16
119,c (programming language),16
120,machine learning,16
121,ethereum,16
122,supply chain management,17
123,strategic sourcing,17
124,global sourcing,17
125,supplier negotiation,17
126,supply management,17
127,procurement,17
128,purchasing,17
129,supply chain,17
130,logistics management,17
131,customer service,17
132,icims,20
133,sap erp,20
134,hr operations,20
135,pl/sql,21
136,programming,22
137,iso 27001,25
138,ux / ui designing,25
139,arduino,26
140,digital electronics,26
141,software development life cycle (sdlc),26
142,embedded c,26
143,adobe photoshop,26
144,ms office,26
145,html5,26
146,xml,26
147,sql,26
148,html,26
149,cascading style sheets (css),26
150,oracle sql,26
151,spring boot,26
152,spring mvc,26
153,java database connectivity (jdbc),26
154,communication,26
155,networking,26
156,ccna,26
157,communication systems,26
158,software testing life cycle (stlc),26
159,ddlc,26
160,personnel management,27
161,organizational design,27
162,screening,27
163,change management,27
164,erp,27
165,resource management,27
166,hr business partnering,27
167,deferred compensation,27
168,temporary placement,27
169,strategic planning,27
170,mergers,27
171,executive search,27
172,recruitments,27
173,benefits negotiation,27
174,mergers & acquisitions,27
175,business strategy,27
176,mergers and acquisitions,27
177,compensation & benefit,27
178,employer branding,27
179,workforce planning,27
180,succession planning,27
181,leading change,27
182,hris,27
183,training,27
184,sourcing,27
185,organizational effectiveness,27
186,cross-functional team leadership,27
187,executive management,27
188,global hr leadership,27
189,global leadership,27
190,global human resources management,27
191,hr process management,27
192,angular4,28
193,swiftui,28
194,ios development,28
195,sql server management studio,28
196,learning management,29
197,management consulting,29
198,team leadership,29
199,written & oral presentation skills,29
200,people skills,29
201,training facilitation,29
202,program facilitation,29
203,business consultancy,30
204,powerpoint,30
205,microsoft powerpoint,30
206,teamwork,32
207,it recruitment,32
208,linkedin recruiter,32
209,interviewing,32
210,interviews,32
211,engagement management,32
212,hr analytics,32
213,talent pipelining,32
214,talent scouting,32
215,linkedin,32
216,bss,33
217,oss,33
218,agile methodologies,35
219,interpersonal skills,36
220,microsoft word,36
221,employee learning & development,36
222,employee wellness,36
223,financial reporting,37
224,accounting,37
225,corporate governance,37
226,financial modeling,37
227,corporate law,37
228,data science,39
229,big data,39
230,python,39
231,hadoop,39
232,apache spark,39
233,outsourcing,42
234,bpo,42
235,operations management,42
236,process improvement,42
237,marketing strategy,43
238,product marketing,43
239,corporate branding,43
240,business process improvement,43
241,tableau,43
242,process consulting,43
243,robotics process automation,43
244,algorithms,44
245,data analysis,44
246,object-oriented programming (oop),44
247,deep learning,44
248,eclipse,44
249,problem solving,44
250,android studio,44
251,full-stack development,46
252,sales management,47
253,digital marketing,47
254,market research,47
255,consumer behavior,47
256,business analytics,47
257,statistical data analysis,47
258,financial analysis,47
259,brand management,47
260,r,47
261,spss,47
262,team building,47
263,design thinking,47
264,creative writing,48
265,motivational speaking,48
266,people management,50
267,docker,51
268,data analytics,51
269,elasticsearch,52
270,apache kafka,52
271,kafka,52
272,graphite,52
273,python selenium,53
274,python web developer,53
275,it operations,53
276,digital illustration,53
277,angular,53
278,mysql,53
279,plc allen bradley,53
280,member of toastmasters,53
281,payroll,54
282,recruitment advertising,54
283,new hire orientations,54
284,mis,54
285,exit interviews,54
286,business process re-engineering,57
287,analytics,57
288,management information systems (mis),57
289,spring cloud,59
290,jpa,59
291,spring security,59
292,spring data,59
293,spring integration,59
294,microservices,59
295,kibana,60
296,elastic stack (elk),61
297,data visualization,61
298,it outsourcing,62
299,practice management,62
300,organizational leadership,62
301,strategy planning & execution,62
302,competency mapping,63
303,debugging,66
304,react.js,67
305,computer gaming,67
306,chess,68
307,transition management,71
308,offshoring,71
309,itil,71
310,business transformation,71
311,pmo,71
312,project delivery,71
313,sla,71
314,business process outsourcing (bpo),71
315,user acceptance testing,72
316,telecommunications billing,72
317,client relations,73
318,hiring,74
319,college recruiting,74
320,b/oss,75
321,digital transformation,75
322,business support system (bss),75
323,enterprise architect,75
324,sdn nfv,75
325,togaf 9,75
326,android,76
327,unified modeling language (uml),77
328,programming languages,77
329,algorithm analysis,77
330,algorithm design,77
331,hr management,78
332,analytical skills,78
333,statistics,78
334,mathematics,78
335,research,78
336,public speaking,78
337,organization skills,78
338,multitasking,78
339,decision-making,78
340,german,78
341,organizational behavior,78
342,ethics,78
343,competency analysis,78
344,internet recruiting,79
345,applicant tracking systems,79
346,personal development,79
347,home offices,79
348,virtual collaboration,79
349,virtual work,79
350,life skills,79
351,pandas (software),81
352,predictive modeling,81
353,feature selection,81
354,engineering,82
355,solid works,82
356,catia,82
357,ansys,82
358,solidworks,82
359,angular 6,83
360,english,83
361,entrepreneurship,84
362,web development,84
363,flask,84
364,internet of things (iot),84
365,travel management,87
366,photography,88
367,advertising,88
368,data modeling,89
369,clearcase,89
370,snmp,89
371,visual basic .net (vb.net),91
372,phpmyadmin,91
373,resume writing,92
374,screening resumes,92
375,contract recruitment,92
376,snowflake,93
377,shell scripting,93
378,azure databricks,93
379,azure data factory,93
380,apache airflow,93
381,apache oozie,93
382,apache nifi,93
383,apache sqoop,93
384,hbase,93
385,mapreduce,93
386,apache tez,93
387,apache ranger,93
388,grafana,93
389,influxdb,93
390,apache zookeeper,93
391,hive,93
392,yarn,93
393,kerberos,93
394,nagios,93
395,minif,93
396,selenium,94
397,test automation framework,94
398,computer networking,95
399,corporate communications,96
400,manage client relationships,96
401,recruitment,96
402,microsoft sql server,96
403,asp.net,96
404,human resources information systems (hris),96
405,career counseling,96
406,cmmi,97
407,quality assurance,97
408,software quality assurance,97
409,six sigma,97
410,quality management,97
411,test management,97
412,iso,97
413,capability maturity model integration (cmmi),97
414,quality system,97
415,process simulation,97
416,it service management,97
417,project portfolio management,97
418,hp quality center,97
419,quality center,97
420,immigration law,99
421,policy,99
422,consulting,99
423,expatriate management,99
424,global mobility,99
425,employee benefits,99
426,event planning,100
427,renewable energy,100
428,metasolv m6,103
429,production support,103
430,inventory management,103
431,data migration,103
432,weblogic,103
433,informatica,103
434,oracle database,103
435,telecom infrastructure,103
436,databases,104
437,induction & orientation,105
438,incident management,106
439,4screening    3recruitments    3sourcing    2hr consulting    2recruiting    2ta,107
440,wcdma,108
441,universal mobile telecommunications system (umts),108
442,system architecture,108
443,lte,108
444,femtocell,108
445,mvno,108
446,tr069,108
447,recruitment/retention,109
448,talent mapping,109
449,e-recruitment,109
450,resource allocation,109
451,full-cycle recruiting,109
452,test planning,110
453,test automation,110
454,wan,110
455,ospf,110
456,customer experience,110
457,bgp,110
458,switches,110
459,iptv,110
460,mentoring,110
461,dsl,110
462,tcl,110
463,vlan,110
464,cwna,110
465,mobile virtual network operator (mvno),110
466,agile,112
467,ibm db2,112
468,c#,112
469,swagger api,112
470,visual studio,112
471,selenium webdriver,112
472,mvc,112
473,analysis,114
474,project coordination,114
475,iis,115
476,websphere process server,115
477,vmware esx,115
478,mobile devices,116
479,marketing,116
480,go-to-market strategy,116
481,start-ups,116
482,p&l responsibility,116
483,strategic consulting,116
484,b2b,116
485,competitive analysis,116
486,sales operations,116
487,p&l management,116
488,customer retention,116
489,mobile technology,116
490,network architecture,116
491,saas,116
492,contract negotiation,116
493,business operations,116
494,customer service operations,116
495,operational strategy,116
496,roaming,116
497,e-commerce,117
498,solution selling,117
499,product development,117
500,online marketing,117
501,sales process,117
502,direct sales,117
503,online advertising,117
504,international sales,117
505,international business,117
506,enterprise software,117
507,key account management,117
508,knowledge management,118
509,risk management,118
510,sap hr,118
511,business planning,119
512,customer relations,119
513,channel partners,119
514,market analysis,124
515,internet research,124
516,brand development,124
517,social media marketing,124
518,smo,124
519,business-to-business (b2b),124
520,search engine optimization (seo),124
521,marketing research,124
522,qualitative research,124
523,marketing communications,124
524,market intelligence,124
525,social media roi,124
526,primary research,124
527,high-growth,124
528,b2b business development,125
529,customer relationship management,125
530,trend analysis,125
531,team managment,125
532,banking,126
533,business requirements,126
534,requirements management,126
535,requirement analysis,126
536,artificial intelligence (ai),128
537,robotic process automation (rpa),128
538,prince2,129
539,itil v3 foundations certified,129
540,solaris,130
541,cassandra,131
542,storytelling,135
543,forecasting,135
544,data mining,135
545,sow,135
546,engineering design,136
547,graduate recruitment,138
548,fmla,138
549,soft skills,138
550,grievances,138
551,generalist profile,138
552,natural language processing (nlp),139
553,qlik sense,139
554,linear algebra,139
555,multithreading,140
556,broadband,140
557,oracle sql developer,140
558,string,140
559,jdk,140
560,java virtual machine (jvm),140
561,adtran,140
562,alcatel,140
563,collection,140
564,exception handling,140
565,big data analytics,141
566,big data preparation,141
567,private equity,142
568,venture capital,142
569,due diligence,142
570,corporate finance,142
571,web applications,144
572,budgets,145
573,solutions design,146
574,windows,147
575,facilities management,150
576,technical support,152
577,network administration,152
578,software testing,152
579,healthcare,154
580,healthcare management,154
581,hipaa,154
582,healthcare information technology,154
583,continuous improvement,154
584,u.s. health insurance portability and accountability act (hipaa),154
585,healthcare information technology (hit),154
586,data structures,155
587,design patterns,155
588,vpn,156
589,oracle oss product-mss,157
590,osm ,157
591,uim,157
592,ni7,157
593,asap,157
594,billing system-amdocs ces,157
595,surepay,157
596,mpls isp,157
597,4g/3g vote,157
598,exploratory data analysis,162
599,scikit-learn,162
600,numpy,162
601,database management system (dbms),162
602,bmc remedy,164
603,web services,164
604,cmdb,164
605,adobe illustrator,165
606,sketch app,165
607,graphic design,165
608,troubleshooting,168
609,git,168
610,jenkins,168
611,docker products,168
612,lucene,168
613,continuous integration and continuous delivery (ci/cd),168
614,dashboard,168
615,vba,169
616,telecom bss,169
617,robot framework,169
618,unix shell scripting,169
619,kenan arbor,169
620,visual basic for applications (vba),172
621,manual testing,173
622,sap implementation,175
623,sap,175
624,sap products,175
625,abap,175
626,sap r/3,175
627,adaptable,176
628,conscientious,176
629,enthusiastic,176
630,computer proficient in microsoft word and excel,176
631,ability to learn new applications quickly,176
632,easily adaptable,176
633,python(begginer),176
634,microsoft exchange,177
635,salesforce.com administration,180
636,visual basic,183
637,asp.net mvc,183
638,customer service management,183
639,soapui,189
640,katalon studio,189
641,pycharm,189
642,drupal,190
643,oracle apex,195
644,css,196
645,node.js,196
646,typescript,196
647,kannada,200
648,end-to-end testing,201
649,functional testing,201
650,waste management,205
651,kubernetes,208
652,postman api,208
653,rabbitmq,208
654,business administration,210
655,commerce,210
656,process automation,210
657,automation,210
658,uipath,210
659,company operations,210
660,back-end operations,210
661,apache spark streaming,211
662,storm,211
663,anaconda,212
664,seaborn,212
665,cloudera,212
666,csharp,212
667,internet information services (iis),212
668,spyder ide,212
669,java full stack,212
670,vb script,214
671,mongodb,215
672,windows server,216
673,linux server,216
674,active directory,216
675,router configuration,216
676,lan switching,216
677,network troubleshooting,216
678,remote troubleshooting,216
679,presentation,217
680,sailpoint,220
681,oauth,220
682,identity & access management (iam),220
683,imperva,220
684,servicenow,220
685,bmc remedy ticketing system,220
686,weblogic administration,220
687,oracle identity manager,220
688,ping federate,220
689,brand awareness,221
690,3g,221
691,.net framework,222
692,struts,225
693,release management,227
694,functional analysis,227
695,email marketing,228
696,electrical engineering,228
697,user interface design,229
698,editing,229
699,css3,229
700,web design,230
701,it management,232
702,enterprise architecture,235
703,soa,235
704,security,235
705,permanent placement,236
706,information technology,236
707,client co-ordination,237
708,database design,237
709,asp.net ajax,237
710,vb.net,237
711,crystal reports,237
712,windows services,237
713,client/server,237
714,regression testing,238
715,cobol,238
716,jira,238
717,qtp,238
718,db2,238
719,hp qtp,238
720,hp quicktest professional (qtp),238
721,service-oriented architecture (soa),240
722,entrepreneur,240
723,selling,240
724,software as a service (saas),240
725,strengthening client relationships,240
726,data center,242
727,multiprotocol label switching (mpls),242
728,border gateway protocol (bgp),242
729,cisco technologies,242
730,routers,242
731,cisco systems products,242
732,technical leadership,242
733,stakeholder management,242
734,routing protocols,242
735,carrier ethernet,242
736,ipv6,242
737,mpls networking,242
738,solutions marketing,242
739,technical communication,242
740,wireless broadband,242
741,system verification,242
742,sdn,242
743,network transformation,242
744,nfv,242
745,telco cloud,242
746,technology strategy & business alignment,242
747,business alliances,244
748,infrastructure management,244
749,professional mentoring,244
750,students chairman - electrical and electronics department,245
751,uml,246
752,service assurance,246
753,revenue assurance,246
754,oracle soa suite,246
755,adobe xd,247
756,adobe lightroom,247
757,internet of thing,247
758,administration,248
759,event management,248
760,excel,248
761,lotus notes,248
762,job diva,248
763,internet,248
764,sap abab,248
765,team coordination,250
766,nextgen,250
767,email clients,250
768,headhunting,251
769,staff augmentation,251
770,job descriptions,251
771,temporary staffing,251
772,search,251
773,salary negotiation,251
774,coordination,251
775,ibm watson,253
776,ticketing tools,254
777,application support,254
778,order processing,254
779,project life cycle,256
780,product customization cycle,256
781,tcp/ip,257
782,dhcp,257
783,software documentation,262
784,vendor management,262
785,spreadsheets,262
786,office 365,262
787,active listening,262
788,time management,262
789,virtual office,262
790,mobile testing,264
791,test automation tools,264
792,ivr,264
793,icoms,264
794,cyara automation testing,264
795,ecommerce testing,264
796,telecom oss/bss testing,264
797,salesforce testing,264
798,perfecto mobile testing,264
799,rbm,264
800,plsql,266
801,scrum developer,266
802,blue prism,269
803,autohotkey,269
804,responsive web design,270
805,json,270
806,yii,270
807,big data hadoop,271
808,coldfusion,271
809,certified scrum master,273
810,automation testing using selenium with python,273
811,e2e test management,273
812,telecom business analyst,273
813,see 1 endorsement for vendor management,274
814,1,274
815,aireen grace santiago,274
816,network engineering,274
817,social media,275
818,content writing,275
819,oracle applications,276
820,sql loader,276
821,sql pl,276
822,sql*plus,276
823,toad,276
824,oracle reports,276
825,oracle database administration,276
826,oozie,277
827,front-end development,278
828,critical thinking,279
829,soap ui,279
830,teaching,279
831,rpa tools (uipath),281
832,rpa tools,281
833,defect tracking,282
834,manual test execution,282
835,alm,282
836,salesforce platform developer,284
837,angular command line interface (cli),286
838,basics of node js,286
839,sass,286
840,photoshop,287
841,j2ee web services,290
842,jsp,290
843,vmware,292
844,infrastructure,292
845,itil certified,292
846,web application development,293
847,hdfs,295
848,ionic framework,299
849,pki,302
850,outlook,302
851,blogging,303
852,testcomplete,303
853,tekerik test studio,303
854,invoicing,305
855,perl,305
856,perl script,305
857,soap,305
858,apache,305
859,singl.eview,305
860,django,307
861,training delivery,309
862,retail banking,309
863,business process design,309
864,sales presentations,309
865,hands-on training,309
866,retail banking operations,309
867,coaching,309
868,instructor-led training,309
869,organizational development,309
870,training & development,309
871,workshop facilitation,309
872,functional consulting,309
873,client facing skills,309
874,credit banking operations,309
875,b2b marketing,310
876,marketing management,310
877,b2c marketing,310
878,software defined networking,315
879,c programming,316
880,defect management,317
881,extract,319
882,transform,319
883,load (etl),319
884,scala,319
885,automation anywhere,321
886,chatbot development,321
887,powershell,321
888,codeigniter,323
889,express.js,323
890,cakephp,323
891,gitlab,323
892,phonegap,323
893,ajax,324
894,mobile applications,325
895,agile & waterfall methodologies,325
896,scrum,325
897,rest api,325
898,nativescript,325
899,asp.net web api,325
900,software design patterns,325
901,social media optimization (smo),326
902,kenan,329
903,devops,331
904,github,332
905,tfs,332
906,team foundation server (tfs),332
907,kentico cms,332
908,kentico,332
909,unfuddle,332
910,software engineering,333
911,wcf services,333
912,ms visio,335
913,powerpoint development,335
914,techcinal project management,337
915,telecom domain,337
916,hands-on in- grafana tool,338
917,angular 7,339
918,spring,340
919,pipelines,343
920,google cloud platform (gcp),343
921,google kubernetes engine (gke),343
922,marketing analytics,347
923,secondary research,347
924,proposal management,347
925,synchronous digital hierarchy (sdh),348
926,microsoft project,350
927,dialogflow,352
928,cognos,358
929,budget management,359
930,media buying,359
931,strategic business planning,359
932,staff management,359
933,employee training,359
934,staff development,359
935,stakeholder relationship management,359
936,customer presentations,359
937,job costing,359
938,resource planning,359
939,content management,360
940,web content writing,360
941,newsletter writing,360
942,brochures,360
943,writing,360
944,proofreading,360
945,web writing,360
946,proof reading,360
947,seo optimization,360
948,hindi,360
949,malayalam,360
950,search engine visibility,360
951,business writing,360
952,newsletter content management,360
953,social media/blog writing,360
954,database testing,362
955,certified black belt,364
956,agile scrum master,364
957,lean practionaire,364
958,quality professional,364
959,training expert,364
960,functional requirements,368
961,broadband networks,368
962,job scheduling,371
963,ms sql,371
964,system integration testing,373
965,es6,374
966,blockchain,374
967,solidity,374
968,performance tuning,375
969,oracle 9i,375
970,oracle 11g,375
971,oracle 10g,375
972,sql tuning,375
973,ansible,378
974,ubuntu,378
975,shell scripts,378
976,microcontrollers,382
977,simulations,382
978,scada,382
979,vhdl,382
980,operating systems,384
981,itsm,384
982,client services,384
983,service desk management,384
984,critical incident stress management,384
985,major incident management,384
986,it infrastructure management,384
987,pdh,385
988,ethernet over sdh,385
989,atm networks,385
990,cramer,385
991,metasolv,385
992,test cases,386
993,agile testing,386
994,system testing,386
995,performance testing,386
996,pega prpc,386
997,itil operations,388
998,service management,388
999,offshore operations,388
1000,test strategy,388
1001,process management,388
1002,order fulfillment,388
1003,it & business strategy alignment,388
1004,system monitoring,388
1005,content marketing,389
1006,public relations,390
1007,media relations,390
1008,analyst relations,390
1009,client relationship building,391
1010,business consulting,391
1011,product strategy,391
1012,selenium testing,392
1013,qa manual testing,392
1014,strategic planning skills,393
1015,strong analytical skills,393
1016,problem solving skills,393
1017,auto hot key,393
1018,people development,396
1019,component testing,398
1020,api testing,398
1021,defect life cycle,398
1022,report preparation,398
1023,test design,398
1024,wordpress,399
1025,drawing,399
1026,painting,399
1027,html 5,399
1028,joomla,399
1029,lamp,399
1030,jquery ui,399
1031,magento,399
1032,moodle,399
1033,opencart,399
1034,html ,399
1035,css and javascript,399
1036,php & mysql,399
1037,poem writting,402
1038,data entry,403
1039,program development,403
1040,netbeans,403
1041,microsoft azure,403
1042,enterprise javabeans (ejb),403
1043,ooad,403
1044,object-relational mapping (orm),403
1045,peer mentoring,403
1046,zoho creator,403
1047,sun certified java programmer,405
1048,nx,408
1049,storybook,408
1050,jmeter,411
1051,apm,411
1052,cisco certified network professional,417
1053,obrm,419
1054,app,422
1055,storage,423
1056,storage area network (san),423
1057,emc storage,423
1058,virtualization,423
1059,datacenter,423
1060,emcisa,423
1061,hp storage,423
1062,brocade fibre switches,423
1063,after effects,425
1064,adobe premiere pro,425
1065,jms,428
1066,linux scripting,428
1067,tomcat 5,428
1068,oracle service bus,428
1069,amdocs clarify,428
1070,openshift,428
1071,tableau admin,432
1072,teradata data warehouse,432
1073,testng,433
1074,cucumber,433
1075,mainframe,434
1076,tabaleu,435
1077,uft,436
1078,ui automation,436
1079,sikuli,436
1080,angular 8,437
1081,maven,437
1082,zuul api gateway,437
1083,single sign-on (sso),437
1084,ldap,437
1085,dreamweaver,438
1086,unity3d,438
1087,janusgraph,438
1088,user experience (ux),441
1089,tamil,444
1090,trading,444
1091,analytical,444
1092,good communication,444
1093,cisco networking,448
1094,network monitoring tools,448
1095,computer science,449
1096,network marketing,449
1097,entertainment,449
1098,sap sd,449
1099,sap hybris,449
1100,sap crm,449
1101,sap-sd,449
1102,sap functional consultants,449
1103,sap brim,449
1104,ado.net,451
1105,entity framework,451
1106,openstack,452
1107,network function virtualization,452
1108,amazon web services (aws),454
1109,pentaho,456
1110,vmware vsphere,459
1111,vmware workstation,459
1112,linq,463
1113,language integrated query (linq),463
1114,business,466
1115,supervised learning,466
1116,unsupervised learning,466
1117,time series analysis,466
1118,angular 4,468
1119,ejb,468
1120,c# 4.0,468
1121,silverlight,468
1122,windows phone,468
1123,unit testing,470
1124,appium,470
1125,sonarqube,470
1126,mobile application development,470
1127,bmc remedy ar system,471
1128,bmc remedy administration,471
1129,srm,471
1130,electronics,473
1131,embedded software,473
1132,labview,473
1133,ni labview,473
1134,creavitiy and self confidence,473
1135,linux system administration,475
1136,cloud applications,475
1137,domain name system (dns),475
1138,amazon route 53,475
1139,topaz,475
1140,high performance computing (hpc),475
1141,splunk,475
1142,apigee trace,475
1143,vugen,475
1144,comptia network+,475
1145,amazon redshift,475
1146,amazon ec2,475
1147,consumer services,476
1148,senior associate,476
1149,database administration,479
1150,xslt,479
1151,tomcat,479
1152,database systems,479
1153,continuous integration,480
1154,continuous delivery,480
1155,bash,480
1156,scss,484
1157,affiliate marketing,486
1158,raspberry pi,486
1159,api automation and manual,487
1160,api automation,487
1161,watson,488
1162,ssis,488
1163,nosql,488
1164,talend,488
1165,content based image retrieval (cbir),488
1166,classification,488
1167,clustering,488
1168,msbi,488
1169,web scraping,488
1170,ucce,489
1171,cisco uccx,489
1172,cisco ucce,489
1173,cisco call manager,489
1174,cisco pcce,489
1175,cisco ipt,489
1176,automation developer,490
1177,computer hardware,491
1178,machine learning algorithms,492
1179,rdbms,492
1180,data warehousing,494
1181,data architecture,494
1182,postgresql,494
1183,aws lambda,494
1184,aws glue,494
1185,amazon s3,494
1186,amazon athena,494
1187,business intelligence tools,494
1188,teradata sql,494
1189,greenplum,494
1190,amazon dynamodb,494
1191,mariadb,494
1192,software architectural design,494
1193,mssql,495
1194,user stories,497
1195,process assessment,497
1196,neural networks,499
1197,amdocs crm,500
1198,salesforce.com consulting,502
1199,job control language (jcl),506
1200,ibm mainframe,506
1201,sql db2,506
1202,cics,506
1203,vas,509
1204,gprs,509
1205,offboarding,510
1206,leaflet,512
1207,arcgis server,512
1208,telecom bss/oss,513
1209,charging systems,513
1210,restful webservices,514
1211,sdn/nfv,514
1212,model-view-controller (mvc),515
1213,kaizen,518
1214,qlikview,521
1215,qlik nprinting,521
1216,qlikview development,521
1217,qlikview administration,521
1218,etl testing,522
1219,dwh,522
1220,red hat linux,523
1221,centos,523
1222,samba,523
1223,websphere application server,525
1224,junit,525
1225,jboss application server,525
1226,servlets,525
1227,red hat certified engineer (rhce),526
1228,demand generation,527
1229,consultative sales,527
1230,solution sales,527
1231,enterprise software sales,527
1232,needs analysis,527
1233,strategic sales planning,527
1234,problem management,528
1235,configuration management,528
1236,bmc patrol,528
1237,service level management,528
1238,store operations,534
1239,relationship management,534
1240,virtual teams,534
1241,business case,534
1242,business partner hr,535
1243,hr generalist,535
1244,credit,535
1245,credit risk,535
1246,facilitation,535
1247,stakeholder engagement,535
1248,strengthsfinder,535
1249,customer engagement,536
1250,offshore software development,536
1251,growing revenue,536
1252,data virtualization,537
1253,m6 (aka mss,537
1254,metasolv solution),537
1255,offshore management,537
1256,corporate blogging,537
1257,kt,538
1258,bid preparation,539
1259,react native,540
1260,ruby on rails,540
1261,golang,540
1262,groovy,540
1263,hypertext transfer protocol (http),540
1264,macros,541
1265,strategic alliances,542
1266,enterprise solution sales,542
1267,gtm,542
1268,program management professional,542
1269,sales channel development,542
1270,hp application lifecycle management,549
1271,etl,556
1272,vmware infrastructure,560
1273,e commerce testing,563
1274,web hosting,564
1275,electronics hardware design,566
1276,electronics technology,566
1277,wideband code division multiple access (wcdma),566
1278,wireless networking,566
1279,creative problem solving,566
1280,supervisory skills,566
1281,radio frequency (rf) engineering,566
1282,rf design,566
1283,rf test,566
1284,drive testing,566
1285,electronics manufacturing,566
1286,man management,566
1287,jira administration,567
1288,os x,571
1289,servers,571
1290,ssl certificates,571
1291,cpanel,571
1292,dns management,571
1293,secure sockets layer (ssl),571
1294,whm,571
1295,rman,573
1296,oracle rac,573
1297,data guard,573
1298,oracle enterprise manager,573
1299,oracle certified dba,573
1300,project managers,574
1301,ayehu eyeshare,574
1302,ginger,574
1303,android development,576
1304,backup & recovery systems,579
1305,commvault,579
1306,cdp,579
1307,pure storage flasharray,579
1308,hitachi storage,579
1309,hpdp,579
1310,life sciences,584
1311,siebel,584
1312,rqm,584
1313,cloud,585
1314,onap,585
1315,osgi,585
1316,billing systems,588
1317,java message service (jms),589
1318,microsoft power bi,591
1319,tortoise svn,591
1320,spl,591
1321,angular material,598
1322,salesforce.com,598
1323,java swing,598
1324,microsoft dynamics crm,599
1325,business operations analyst,599
1326,sql server reporting services (ssrs),599
1327,telecom analyst,599
1328,amdocs,599
1329,contact center management,599
1330,contact center technology,599
1331,contact center operations,599
1332,mpls vpn,602
1333,hsrp,602
1334,functional design,604
1335,business intelligence (bi),604
1336,google analytics,604
1337,microsoft azure machine learning,604
1338,knime,604
1339,artificial neural networks,604
1340,dynamic host configuration protocol (dhcp),636
1341,system administration,637
1342,seo,637
1343,azure administrator,637
1344,crimping,637
1345,sap business software,639
1346,rr connect,639
1347,asp.net core,640
1348,blazor,640
1349,web api,640
1350,back-end web development,640
1351,cross-platform development,640
1352,food & beverage,644
1353,software,644
1354,eigrp,645
1355,tuxedo,646
1356,store management,647
1357,mcitp,647
1358,windows 7,647
1359,logical volume manager (lvm),647
1360,nfs,647
1361,iscsi,647
1362,rhel,647
1363,field service engineering,647
1364,computer hardware installation,647
1365,network address translation (nat),647
1366,selinux,647
1367,virtualbox,647
1368,red hat enterprise linux (rhel),647
1369,ticketing,647
1370,vbscript,648
1371,dj,650
1372,decision making,650
1373,dutch,650
1374,unix administration,652
1375,vss,653
1376,disaster recovery,654
1377,oracle e-business suite,654
1378,product innovation,659
1379,design,659
1380,sound design,659
1381,music production,659
1382,robotics,659
1383,psychology,659
1384,sap businessobjects,659
1385,creativity skills,659
1386,logical approach,659
1387,lean six sigma,660
1388,iso standards,660
1389,sql server,663
1390,it hardware support,664
1391,computer hardware troubleshooting,664
1392,employement based immigration,665
1393,pyspark,666
1394,\uf0fc\tintegrated receiver/decoder: ericsson/tandberg,667
1395,cisco/scientific atlanta,667
1396,harm,667
1397,\uf0fc\tencoder: harmonic electra 9240,667
1398,electra x,667
1399,divicom electra 5422,667
1400,\uf0fc\tmultiplexer: harmonic prostream 9100/9000/1000,667
1401,\uf0fc\tnms: harmonicâ€™s nmx digital service manager,667
1402,\uf0fc\tcomposite to sdi video conversion/embedding audio: selenio frame,667
1403,harris x75sd,667
1404,\uf0fc\tasi/mpeg ts analysis tools - dvstation,667
1405,dektec,667
1406,software installation,679
1407,server administration,679
1408,microsoft certified professional,679
1409,windows 8,679
1410,hyper-v,679
1411,symantec endpoint protection,679
1412,symantec backup,679
1413,wsus,679
1414,dns administration,679
1415,file servers,679
1416,data recovery,679
1417,domain controller,679
1418,ghost imaging,679
1419,juniper switches,679
1420,filezilla,679
1421,microsoft windows 98,679
1422,print servers,679
1423,back office operations,680
1424,sales force testing,689
1425,quality control,693
1426,project documentation,693
1427,selenium java,694
1428,rest apis,700
1429,j unit,700
1430,jiira,700
1431,webdriver,702
1432,excel macro,702
1433,macro,702
1434,income tax,703
1435,tax deducted at source (tds),703
1436,treasury management,703
1437,goods and services tax (gst),703
1438,provident fund,703
1439,pcnse,704
1440,ipsec vpn,704
1441,juniper srx,704
1442,acl,704
1443,network load balancing,704
1444,ccna certified,704
1445,palo alto networks,704
1446,cisco wlc,704
1447,cisco ap,704
1448,autocad,708
1449,salesforce.com development,709
1450,salesforce sales cloud,709
1451,soql,709
1452,salesforce admin,709
1453,central excise,710
1454,bank reconciliation,710
1455,accounts payable,710
1456,tax,710
1457,value-added tax (vat),710
1458,accounts receivable,710
1459,tally erp,710
1460,finance,710
1461,accounts,710
1462,taxation,710
1463,tds,710
1464,e-tds,710
1465,softex,710
1466,sez & stpi,710
1467,export,710
1468,retail dispatch,710
1469,biling & dispatch,710
1470,animation,711
1471,hpqc,711
1472,cricket,711
1473,essays,711
1474,short stories,711
1475,vue.js,713
1476,.net core,713
1477,project leadership,715
1478,teradata,715
1479,gradle,715
1480,thymeleaf,715
1481,tactical planning,715
1482,project rollouts,715
1483,web application design,715
1484,project tracking,715
1485,web service,716
1486,oop,717
1487,social network analysis,717
1488,ucinet,717
1489,android sdk,719
1490,dotcms,719
1491,low level design,720
1492,asp,729
1493,java web services,730
1494,ms excel pivot tables,731
1495,loadrunner,731
1496,etl developer,734
1497,informatica developer,734
1498,talend open studio,734
1499,java persistence adapter,735
1500,getafix,735
1501,asl,735
1502,ui path,736
1503,rpas,736
1504,sharepoint framework (spfx),738
1505,angularts,738
1506,api development,738
1507,telecom oss,740
1508,brm,740
1509,oops,743
1510,d3.js,743
1511,sqoop,745
1512,flume,745
1513,apache pig,745
1514,titandb,745
1515,oss bss,746
1516,it automation,747
1517,"""ericssons online charging system""",747
1518,sports,748
1519,php applications,749
1520,scrum master,750
1521,test automation expert,750
1522,openstack cloud,750
1523,product owner,750
1524,digitalisation,750
1525,sap basis,751
1526,windows system administration,751
1527,dns server,751
1528,presentations,754
1529,hypothesis testing,754
1530,dns,755
1531,firewalls,755
1532,network security,755
1533,telecom billing,757
1534,prepaid charging,757
1535,wcf,758
1536,proposal writing,761
1537,customer acquisition,761
1538,software industry,761
1539,cold calling,761
1540,software sales,761
1541,taleo,762
1542,small business,763
1543,blazemeter,764
1544,azure admin,765
1545,sql azure,765
1546,cloud computing iaas,765
1547,mircosoft azure,765
1548,javaserver pages (jsp),766
1549,websphere mq,766
1550,rest service,766
1551,value-added services (vas),767
1552,technical account management,767
1553,system deployment,767
1554,smsc,767
1555,smpp,767
1556,ussd,767
1557,business process management,768
1558,etom,768
1559,telecommunication services,769
1560,application development,770
1561,j2ee,770
1562,intellij idea,770
1563,postman,770
1564,zuul,770
1565,svn,770
1566,mockito,770
1567,sts,770
1568,ribbons,770
1569,eureka,770
1570,load balancing,770
1571,cloudera impala,772
1572,digital signal processing,773
1573,video editing,778
1574,search engine marketing (sem),778
1575,sme,778
1576,food photography,778
1577,spring  core,782
1578,aws elastic beanstalk,782
1579,entity framework (ef) core,782
1580,java2se,782
1581,basics of entity framework,782
1582,mstest,782
1583,spreken in het openbaar,785
1584,engelse taal,785
1585,adb,786
1586,vrealize orchestrator,787
1587,vrealize automation,787
1588,ui/ux designer,788
1589,wireframing,788
1590,rapid prototyping,788
1591,ui designer,788
1592,interaction design,788
1593,user-centered design,788
1594,product design,788
1595,adobe dreamweaver,788
1596,adobe flash,788
1597,prototyping,788
1598,greensock,788
1599,ux research,788
1600,mobile design,788
1601,2g,791
1602,orchestration,791
1603,project implementation,792
1604,software implementation,792
1605,selinum,795
1606,angular7,817
1607,straight talk,818
1608,asp.net razor,819
1609,java script,819
1610,sqlserver,819
1611,kendo,819
1612,web services api,819
1613,javase,820
1614,spring batch,820
1615,angular 10,820
1616,ext js,821
1617,j2ee application development,821
1618,oracle fusion middleware,821
1619,osb,821
1620,quick learner,822
1621,hardworking,822
1622,punctual,822
1623,black box testing,824
1624,smoke testing,824
1625,test estimation,824
1626,test scenarios,824
1627,negative testing,824